"country","total_layoffs","total_funding","layoff_to_funding_ratio"
"Sweden","11064","14176","0.7804740406320542"
"Canada","5766","11472.9","0.5025756347566875"
"Brazil","8376","18467.7","0.45354862814535646"
"India","35433","154453.6","0.22940870267834482"
"United States","234661","1047519.1000000001","0.22401596305022026"
"Germany","8452","44685.68","0.18914336762918232"
"United Kingdom","6719","43662.2","0.15388597001525348"
"China","5005","33905","0.14761834537678808"
